Brand,Name,ASIN
Black Owned,Prayer Warrior,B0BSR4QN7F
Black Owned,God Is Dope,B0BSR2VDK8
Black Owned,Grown Folks,B0BNLVMHL2
Black Owned,Shot Clock,B0BNLT1577
Black Owned,Shot Clock 2,B0CZVBLNLS
Black Owned,Spill The Tea,B0BNLSJXRX
Black Owned,Trap Queen,B0BNLT8DBX
Black Owned,Baddie,B0BNJRHPQT
Black Owned,MLK Blvd,B0BNJRMH84
Black Owned,Bad And Boujee,B0BNJSN95M
Black Owned,Charades & Chill,B0BNJPZQP9
Black Owned,What You Talkin Bout,B0BNK6KZ58
Black Owned,A Family That Plays,B0BNJRNRCN
Black Owned,Hot Girl,B0BJ9C3W1L
Black Owned,Off The Brown,B0BJ9C671F
Black Owned,Ghetto Pass,B0BHR6S8S3
Black Owned,Ghetto Pass 2,B0CZVM754F
Black Owned,Slow Jamz,B0B8QYB835
Black Owned,LIT,B0B8R2XYG1
Black Owned,Spell'n,B0B8QX8RM4
Black Owned,The South,B0B6QFXTTD
Black Owned,Divulge,B0B6QDMBQ4
Black Owned,Private Party,B0B6QG13P4
Black Owned,Get Together,B0B6QDQPQY
Black Owned,Edibles,B0B6QHNJLL
Black Owned,Music Head,B0B3V5WX5T
Black Owned,Lyric Genius,B0B3V59MYG
Black Owned,Hood Charades,B0B3V463XQ
Black Owned,Hood Charades 2,B0CZVPLPMM
Black Owned,Hi Ms. Parker,B09XN1PCS6
Black Owned,Black Owned V3,B09XN27JM9
Black Owned,Black Owned V2,B09PJ4GCS8
Black Owned,Jerome In The House,B09PCXT4JS
Black Owned,Girlll,B09HNH1W74
Black Owned,Girlll 2,B0D4GSZ9ND
Black Owned,Black Love,B0994SFM5J
Black Owned,Damn Gina,B094LJMC42
Black Owned,Party Starter,B09284PSML
Black Owned,Hip Hop,B0917WRLSN
Black Owned,Black Owned V1,B08WHQ957T
Black Owned,Hood Exit,B0DZY2GH63
Black Owned,Street King,B0F4YFM8DG
Black Owned,Janky,B0F9LDLH79
Black Owned,Hood Charades R&B,B0FBMCVL11
Black Owned,Hood Charades Hip Hop,B0FBMCC41F
Black Owned,Hood Charades Girls,B0FWKTM5CD
Black Owned,Hood Charades Praise,B0FWKX68Z3
Black Owned,Hood Charades 90's,B0FBML4HZS
Kinfolk,True of Tipsy,B0CPL1ZXDJ
Kinfolk,Nightcap,B0CPLBD21D
Kinfolk,MicDrop,B0CPL7XWH1
Kinfolk,Melanin Moments,B0CPL6BBG7
Kinfolk,King & Queen,B0CPL2SDCS
Kinfolk,Juneteeth,B0CPKVD2DP
Kinfolk,HoodRich,B0CPL6ZG15
Kinfolk,Hood Hints,B0CPLC2Q67
Kinfolk,Hood Hints 2,B0D4GZ4GZ2
Kinfolk,Hood Genius,B0CPLC34L8
Kinfolk,Ghetto Fabulous,B0CPLF7Q4C
Kinfolk,For The Culture,B0CPL8L9ZT
Kinfolk,Family Goals,B0CPL843FR
Kinfolk,Faded,B0CPLC3JFL
Kinfolk,Divas,B0CPL68HYG
Kinfolk,Chill,B0CPL7HWV3
Kinfolk,Cappin,B0CPLCB87B
Kinfolk,Block Party,B0CPL2CZGM
Kinfolk,BFFs,B0CPLB9KL9
Kinfolk,Who Said Dat,B0CPKYWKHB
Kinfolk,Urban Lingo,B0CPL15M7H
Kinfolk,Urban Intellect,B0CPL8PGP8
Kinfolk,Turnt,B0CPL22KQW
Kinfolk,Turnt 2,B0D4GXR5PY
Kinfolk,Sunday's Best,B0CPL4Z5DJ
Kinfolk,Street Smart,B0CPL2SD6G
Kinfolk,Street Savvy,B0CPL7CGR6
Kinfolk,Street Cred,B0CPKTCT7L
Kinfolk,StopWatch,B0CPL5M3JL
Kinfolk,Soul Music,B0CPKYWXL4
Kinfolk,Slang Shots,B0CPL2N9C8
Kinfolk,Sistas,B0CPLB8W8P
Kinfolk,Shot Of Truth,B0CPL159VG
Kinfolk,Share Your Soul,B0CPL9QSRW
Kinfolk,SayLess,B0CPLF7PT8
Kinfolk,SayLess 2,B0D4GXVCRW
Kinfolk,Rhyme Culture,B0CPL11L1V
Kinfolk,Hood To Hollywood,B0CPKQ6QD1
Kinfolk,VS.,B0CJVQZ8L2
Kinfolk,Stay Woke,B0CJVQHPD9
Kinfolk,Slang,B0CJVNCVKF
Kinfolk,Culture Cues,B0CJVPBHTG
Kinfolk,Family Tree,B0F677914S
Kinfolk,Who Said Dat Hip Hop,B0FX5LB2R3
Kinfolk,Who Said Dat R&B,B0FX5JDNPF
Kinfolk,Who Made The,B0F225284V
Card Plug,Akeem,B0DDQG49ZG
Card Plug,Amen,B0DSCD4Z8M
Card Plug,Amen 2,B0DSC9V9QW
Card Plug,Chug Life,B0DS7S795W
Card Plug,Chug Life 2,B0DS7VBTWF
Card Plug,Code Switching,B0DDQGCG51
Card Plug,Deep Talk Dating,B0DSCCHCRG
Card Plug,Deep Talk Family,B0DSCDC9ZP
Card Plug,Deep Talk Married,B0DSCCK1Y4
Card Plug,Don't Snitch,B0CZ4LHFQL
Card Plug,Drunk Charades,B0DS7RZ2JD
Card Plug,Drunk Charades 2,B0DS7R2W26
Card Plug,Drunk Charades 3,B0DS7PZVXR
Card Plug,Finish This Lyric,B0DSCCMPXL
Card Plug,Game of Shots,B0DS7MDCMX
Card Plug,Game of Shots 2,B0DS7SFYJ1
Card Plug,Hammered 1,B0DSC97CJR
Card Plug,Hammered 2,B0DSCCMP6P
Card Plug,Hood Riddles,B0DDQGH755
Card Plug,HoodFued,B0CZ4L451Y
Card Plug,HoodFued 2,B0DSCCFVSC
Card Plug,HoodFued 3,B0FCN1V23Z
Card Plug,HoodFued Music,B0FCN3NLK2
Card Plug,Hope You're Thirsty,B0DSCCRH3C
Card Plug,Hope You're Thirsty 2,B0DS7MZBFP
Card Plug,I'm From The Hood C1,B0DS7KNKCQ
Card Plug,I'm From The Hood C2,B0DS7LLFPG
Card Plug,I'm From The Hood V1,B0DS7HN17V
Card Plug,I'm From The Hood V2,B0DS7K9TGP
Card Plug,Momma Said No,B0F33T665K
Card Plug,Mr Shots,B0DSC8W9JB
Card Plug,Mr Shots 2,B0DSCDKP1Q
Card Plug,No-No Words,B0DDQGYVXD
Card Plug,One Fun Box,B0DSC8PM3G
Card Plug,One Fun Box Date Night,B0DSC9VJNW
Card Plug,One Fun Box Girls,B0DSCB1C8G
Card Plug,Our Father,B0DSCC33NC
Card Plug,Our Father 2,B0DSCCWKC7
Card Plug,Pivot,B0DSCBRQ7W
Card Plug,Race Against Time 1,B0DSCC32L1
Card Plug,Race Against Time 2,B0DSC9VCHX
Card Plug,Receipts,B0F7HRMLDN
Card Plug,Rent'em Spoons,B0CZ4M426Q
Card Plug,Roses and Red Dark,B0DX4GN32C
Card Plug,Roses and Red Married,B0DSC9JDZG
Card Plug,Roses are Red Date,B0DSCDFRQT
Card Plug,Shot Caller,B0DS7RXN9T
Card Plug,Shot Luck,B0DDQHXYLW
Card Plug,Shots Shots Shots,B0DSCBM896
Card Plug,Show and Tell,B0DSCBFKSJ
Card Plug,Show and Tell 2,B0DSCC3LB3
Card Plug,Sip Sip Hooray,B0DSCFHN4W
Card Plug,Sip Sip Hooray 2,B0DSCDLTVB
Card Plug,Sippin,B0CZ5647D3
Card Plug,Song Fight,B0DSCBSL4P
Card Plug,Song Fight 2,B0DSCCZFHS
Card Plug,Soul Cinema,B0DDQG3TFY
Card Plug,Soul Trivia,B0CZ4M5QT3
Card Plug,The Shot Box Couples,B0DSCCRJMM
Card Plug,The Shot Box Ladies,B0DSCBYCFT
Card Plug,The Shot Box Original,B0DSCBSH5D
Card Plug,The Shot Box Reloaded,B0DSC9QXQZ
Card Plug,Tipsy Talks,B0DS7JWG77
Card Plug,Tipsy Talks Date Night,B0DS7JXS4P
Card Plug,Where Is The Lie,B0DDQG4W6C
Card Plug,Without Saying,B0DSCDMGV3
Card Plug,Without Saying 2,B0DSCC9QWS
Card Plug,Orale,B0FX5M2G3D
Card Plug,Word Trap,B0DS7NRGVN
Card Plug,Word Trap 2,B0DS7LHZKL
Card Plug,Vacay,B0G3TDFKPW
Card Plug,Word Trap Hood,B0DS7PHWZ3
Card Plug,Random 1,B0F7Q9M2XA
Card Plug,Random 2,B0L4ZK8P6R
Card Plug,Random 3,B0M9A2XQ7D
Card Plug,Random 4,B0R5N8Z4KP
Card Plug,Random 5,B0QX7L9A6M
Card Plug,Random 6,B0P2D5R8ZN
Card Plug,Random 7,B0A8M7Q4XL
Card Plug,Random 8,B0Z9P6N2KR
Card Plug,Random 9,B0X4R7M5QA
Card Plug,Random 10,B0K6ZP8A9N
Card Plug,Random 11,B0N5Q7X2RM
Card Plug,Random 12,B0P8LZ4A6D
Card Plug,Random 13,B0R9M2K7XN
Card Plug,Random 14,B0Q6A8Z5RP
Card Plug,Random 15,B0X7N4M9KL
Card Plug,Random 16,B0A5R8Q2ZD
Card Plug,Random 17,B0M6P9X7RA
Card Plug,Random 18,B0Z2KQ5N8M
Card Plug,Random 19,B0R7A4P6ZX
Card Plug,Random 20,B0Q9M8L2KD
