ASIN,Name,Brand,Status,Last Checked,Notes
B0BNJRNRCN,A Family That Plays,Black Owned,Error,2026-02-06,Error: 503 Server Error: Service Unavailable for url: htt
B0BNJSN95M,Bad And Boujee,Black Owned,Error,2026-02-06,Error: 503 Server Error: Service Unavailable for url: htt
B0BNJRHPQT,Baddie,Black Owned,Active,2026-02-06,Card game found
B0994SFM5J,Black Love,Black Owned,Error,2026-02-06,Error: 503 Server Error: Service Unavailable for url: htt
B08WHQ957T,Black Owned V1,Black Owned,Error,2026-02-06,Error: 503 Server Error: Service Unavailable for url: htt
B09PJ4GCS8,Black Owned V2,Black Owned,Error,2026-02-06,Error: 503 Server Error: Service Unavailable for url: htt
B09XN27JM9,Black Owned V3,Black Owned,Error,2026-02-06,Error: 503 Server Error: Service Unavailable for url: htt
B0BNJPZQP9,Charades & Chill,Black Owned,Error,2026-02-06,Error: 503 Server Error: Service Unavailable for url: htt
B094LJMC42,Damn Gina,Black Owned,Error,2026-02-06,Error: 503 Server Error: Service Unavailable for url: htt
B0B6QDMBQ4,Divulge,Black Owned,Error,2026-02-06,Error: 503 Server Error: Service Unavailable for url: htt
B0B6QHNJLL,Edibles,Black Owned,Error,2026-02-06,Error: 503 Server Error: Service Unavailable for url: htt
B0B6QDQPQY,Get Together,Black Owned,Error,2026-02-06,Error: 503 Server Error: Service Unavailable for url: htt
B0BHR6S8S3,Ghetto Pass,Black Owned,Error,2026-02-06,Error: 503 Server Error: Service Unavailable for url: htt
B0CZVM754F,Ghetto Pass 2,Black Owned,Error,2026-02-06,Error: 503 Server Error: Service Unavailable for url: htt
B09HNH1W74,Girlll,Black Owned,Error,2026-02-06,Error: 503 Server Error: Service Unavailable for url: htt
B0D4GSZ9ND,Girlll 2,Black Owned,Error,2026-02-06,Error: 503 Server Error: Service Unavailable for url: htt
B0BSR2VDK8,God Is Dope,Black Owned,Error,2026-02-06,Error: 503 Server Error: Service Unavailable for url: htt
B0BNLVMHL2,Grown Folks,Black Owned,Error,2026-02-06,Error: 503 Server Error: Service Unavailable for url: htt
B09XN1PCS6,Hi Ms. Parker,Black Owned,Error,2026-02-06,Error: 503 Server Error: Service Unavailable for url: htt
B0917WRLSN,Hip Hop,Black Owned,Error,2026-02-06,Error: 503 Server Error: Service Unavailable for url: htt
B0B3V463XQ,Hood Charades,Black Owned,Error,2026-02-06,Error: 503 Server Error: Service Unavailable for url: htt
B0CZVPLPMM,Hood Charades 2,Black Owned,Error,2026-02-06,Error: 503 Server Error: Service Unavailable for url: htt
B0FBML4HZS,Hood Charades 90's,Black Owned,Error,2026-02-06,Error: 503 Server Error: Service Unavailable for url: htt
B0FWKTM5CD,Hood Charades Girls,Black Owned,Error,2026-02-06,Error: 503 Server Error: Service Unavailable for url: htt
B0FBMCC41F,Hood Charades Hip Hop,Black Owned,Error,2026-02-06,Error: 503 Server Error: Service Unavailable for url: htt
B0FWKX68Z3,Hood Charades Praise,Black Owned,Error,2026-02-06,Error: 503 Server Error: Service Unavailable for url: htt
B0FBMCVL11,Hood Charades R&B,Black Owned,Error,2026-02-06,Error: 503 Server Error: Service Unavailable for url: htt
B0DZY2GH63,Hood Exit,Black Owned,Error,2026-02-06,Error: 503 Server Error: Service Unavailable for url: htt
B0BJ9C3W1L,Hot Girl,Black Owned,Error,2026-02-06,Error: 503 Server Error: Service Unavailable for url: htt
B0F9LDLH79,Janky,Black Owned,Error,2026-02-06,Error: 503 Server Error: Service Unavailable for url: htt
B09PCXT4JS,Jerome In The House,Black Owned,Error,2026-02-06,Error: 503 Server Error: Service Unavailable for url: htt
B0B8R2XYG1,LIT,Black Owned,Error,2026-02-06,Error: 503 Server Error: Service Unavailable for url: htt
B0B3V59MYG,Lyric Genius,Black Owned,Error,2026-02-06,Error: 503 Server Error: Service Unavailable for url: htt
B0BNJRMH84,MLK Blvd,Black Owned,Error,2026-02-06,Error: 503 Server Error: Service Unavailable for url: htt
B0B3V5WX5T,Music Head,Black Owned,Error,2026-02-06,Error: 503 Server Error: Service Unavailable for url: htt
B0BJ9C671F,Off The Brown,Black Owned,Error,2026-02-06,Error: 503 Server Error: Service Unavailable for url: htt
B09284PSML,Party Starter,Black Owned,Error,2026-02-06,Error: 503 Server Error: Service Unavailable for url: htt
B0BSR4QN7F,Prayer Warrior,Black Owned,Error,2026-02-06,Error: 503 Server Error: Service Unavailable for url: htt
B0B6QG13P4,Private Party,Black Owned,Error,2026-02-06,Error: 503 Server Error: Service Unavailable for url: htt
B0BNLT1577,Shot Clock,Black Owned,Error,2026-02-06,Error: 503 Server Error: Service Unavailable for url: htt
B0CZVBLNLS,Shot Clock 2,Black Owned,Error,2026-02-06,Error: 503 Server Error: Service Unavailable for url: htt
B0B8QYB835,Slow Jamz,Black Owned,Error,2026-02-06,Error: 503 Server Error: Service Unavailable for url: htt
B0B8QX8RM4,Spell'n,Black Owned,Error,2026-02-06,Error: 503 Server Error: Service Unavailable for url: htt
B0BNLSJXRX,Spill The Tea,Black Owned,Error,2026-02-06,Error: 503 Server Error: Service Unavailable for url: htt
B0F4YFM8DG,Street King,Black Owned,Error,2026-02-06,Error: 503 Server Error: Service Unavailable for url: htt
B0B6QFXTTD,The South,Black Owned,Error,2026-02-06,Error: 503 Server Error: Service Unavailable for url: htt
B0BNLT8DBX,Trap Queen,Black Owned,Error,2026-02-06,Error: 503 Server Error: Service Unavailable for url: htt
B0BNK6KZ58,What You Talkin Bout,Black Owned,Error,2026-02-06,Error: 503 Server Error: Service Unavailable for url: htt
B0DDQG49ZG,Akeem,Card Plug,Error,2026-02-06,Error: 503 Server Error: Service Unavailable for url: htt
B0DSCD4Z8M,Amen,Card Plug,Error,2026-02-06,Error: 503 Server Error: Service Unavailable for url: htt
B0DSC9V9QW,Amen 2,Card Plug,Error,2026-02-06,Error: 503 Server Error: Service Unavailable for url: htt
B0DS7S795W,Chug Life,Card Plug,Error,2026-02-06,Error: 503 Server Error: Service Unavailable for url: htt
B0DS7VBTWF,Chug Life 2,Card Plug,Error,2026-02-06,Error: 503 Server Error: Service Unavailable for url: htt
B0DDQGCG51,Code Switching,Card Plug,Error,2026-02-06,Error: 503 Server Error: Service Unavailable for url: htt
B0DSCCHCRG,Deep Talk Dating,Card Plug,Error,2026-02-06,Error: 503 Server Error: Service Unavailable for url: htt
B0DSCDC9ZP,Deep Talk Family,Card Plug,Error,2026-02-06,Error: 503 Server Error: Service Unavailable for url: htt
B0DSCCK1Y4,Deep Talk Married,Card Plug,Error,2026-02-06,Error: 503 Server Error: Service Unavailable for url: htt
B0CZ4LHFQL,Don't Snitch,Card Plug,Error,2026-02-06,Error: 503 Server Error: Service Unavailable for url: htt
B0DS7RZ2JD,Drunk Charades,Card Plug,Error,2026-02-06,Error: 503 Server Error: Service Unavailable for url: htt
B0DS7R2W26,Drunk Charades 2,Card Plug,Error,2026-02-06,Error: 503 Server Error: Service Unavailable for url: htt
B0DS7PZVXR,Drunk Charades 3,Card Plug,Error,2026-02-06,Error: 503 Server Error: Service Unavailable for url: htt
B0DSCCMPXL,Finish This Lyric,Card Plug,Error,2026-02-06,Error: 503 Server Error: Service Unavailable for url: htt
B0DS7MDCMX,Game of Shots,Card Plug,Error,2026-02-06,Error: 503 Server Error: Service Unavailable for url: htt
B0DS7SFYJ1,Game of Shots 2,Card Plug,Error,2026-02-06,Error: 503 Server Error: Service Unavailable for url: htt
B0DSC97CJR,Hammered 1,Card Plug,Error,2026-02-06,Error: 503 Server Error: Service Unavailable for url: htt
B0DSCCMP6P,Hammered 2,Card Plug,Error,2026-02-06,Error: 503 Server Error: Service Unavailable for url: htt
B0DDQGH755,Hood Riddles,Card Plug,Error,2026-02-06,Error: 503 Server Error: Service Unavailable for url: htt
B0CZ4L451Y,HoodFued,Card Plug,Error,2026-02-06,Error: 503 Server Error: Service Unavailable for url: htt
B0DSCCFVSC,HoodFued 2,Card Plug,Error,2026-02-06,Error: 503 Server Error: Service Unavailable for url: htt
B0FCN1V23Z,HoodFued 3,Card Plug,Error,2026-02-06,Error: 503 Server Error: Service Unavailable for url: htt
B0FCN3NLK2,HoodFued Music,Card Plug,Error,2026-02-06,Error: 503 Server Error: Service Unavailable for url: htt
B0DSCCRH3C,Hope You're Thirsty,Card Plug,Error,2026-02-06,Error: 503 Server Error: Service Unavailable for url: htt
B0DS7MZBFP,Hope You're Thirsty 2,Card Plug,Error,2026-02-06,Error: 503 Server Error: Service Unavailable for url: htt
B0DS7KNKCQ,I'm From The Hood C1,Card Plug,Error,2026-02-06,Error: 503 Server Error: Service Unavailable for url: htt
B0DS7LLFPG,I'm From The Hood C2,Card Plug,Error,2026-02-06,Error: 503 Server Error: Service Unavailable for url: htt
B0DS7HN17V,I'm From The Hood V1,Card Plug,Error,2026-02-06,Error: 503 Server Error: Service Unavailable for url: htt
B0DS7K9TGP,I'm From The Hood V2,Card Plug,Error,2026-02-06,Error: 503 Server Error: Service Unavailable for url: htt
B0F33T665K,Momma Said No,Card Plug,Error,2026-02-06,Error: 503 Server Error: Service Unavailable for url: htt
B0DSC8W9JB,Mr Shots,Card Plug,Error,2026-02-06,Error: 503 Server Error: Service Unavailable for url: htt
B0DSCDKP1Q,Mr Shots 2,Card Plug,Error,2026-02-06,Error: 503 Server Error: Service Unavailable for url: htt
B0DDQGYVXD,No-No Words,Card Plug,Error,2026-02-06,Error: 503 Server Error: Service Unavailable for url: htt
B0DSC8PM3G,One Fun Box,Card Plug,Error,2026-02-06,Error: 503 Server Error: Service Unavailable for url: htt
B0DSC9VJNW,One Fun Box Date Night,Card Plug,Error,2026-02-06,Error: 503 Server Error: Service Unavailable for url: htt
B0DSCB1C8G,One Fun Box Girls,Card Plug,Error,2026-02-06,Error: 503 Server Error: Service Unavailable for url: htt
B0FX5M2G3D,Orale,Card Plug,Error,2026-02-06,Error: 503 Server Error: Service Unavailable for url: htt
B0DSCC33NC,Our Father,Card Plug,Error,2026-02-06,Error: 503 Server Error: Service Unavailable for url: htt
B0DSCCWKC7,Our Father 2,Card Plug,Error,2026-02-06,Error: 503 Server Error: Service Unavailable for url: htt
B0DSCBRQ7W,Pivot,Card Plug,Error,2026-02-06,Error: 503 Server Error: Service Unavailable for url: htt
B0DSCC32L1,Race Against Time 1,Card Plug,Error,2026-02-06,Error: 503 Server Error: Service Unavailable for url: htt
B0DSC9VCHX,Race Against Time 2,Card Plug,Error,2026-02-06,Error: 503 Server Error: Service Unavailable for url: htt
B0F7HRMLDN,Receipts,Card Plug,Error,2026-02-06,Error: 503 Server Error: Service Unavailable for url: htt
B0CZ4M426Q,Rent'em Spoons,Card Plug,Error,2026-02-06,Error: 503 Server Error: Service Unavailable for url: htt
B0DX4GN32C,Roses and Red Dark,Card Plug,Error,2026-02-06,Error: 503 Server Error: Service Unavailable for url: htt
B0DSC9JDZG,Roses and Red Married,Card Plug,Error,2026-02-06,Error: 503 Server Error: Service Unavailable for url: htt
B0DSCDFRQT,Roses are Red Date,Card Plug,Error,2026-02-06,Error: 503 Server Error: Service Unavailable for url: htt
B0DS7RXN9T,Shot Caller,Card Plug,Error,2026-02-06,Error: 503 Server Error: Service Unavailable for url: htt
B0DDQHXYLW,Shot Luck,Card Plug,Error,2026-02-06,Error: 503 Server Error: Service Unavailable for url: htt
B0DSCBM896,Shots Shots Shots,Card Plug,Error,2026-02-06,Error: 503 Server Error: Service Unavailable for url: htt
B0DSCBFKSJ,Show and Tell,Card Plug,Error,2026-02-06,Error: 503 Server Error: Service Unavailable for url: htt
B0DSCC3LB3,Show and Tell 2,Card Plug,Error,2026-02-06,Error: 503 Server Error: Service Unavailable for url: htt
B0DSCFHN4W,Sip Sip Hooray,Card Plug,Error,2026-02-06,Error: 503 Server Error: Service Unavailable for url: htt
B0DSCDLTVB,Sip Sip Hooray 2,Card Plug,Error,2026-02-06,Error: 503 Server Error: Service Unavailable for url: htt
B0CZ5647D3,Sippin,Card Plug,Error,2026-02-06,Error: 503 Server Error: Service Unavailable for url: htt
B0DSCBSL4P,Song Fight,Card Plug,Error,2026-02-06,Error: 503 Server Error: Service Unavailable for url: htt
B0DSCCZFHS,Song Fight 2,Card Plug,Error,2026-02-06,Error: 503 Server Error: Service Unavailable for url: htt
B0DDQG3TFY,Soul Cinema,Card Plug,Error,2026-02-06,Error: 503 Server Error: Service Unavailable for url: htt
B0CZ4M5QT3,Soul Trivia,Card Plug,Error,2026-02-06,Error: 503 Server Error: Service Unavailable for url: htt
B0DSCCRJMM,The Shot Box Couples,Card Plug,Error,2026-02-06,Error: 503 Server Error: Service Unavailable for url: htt
B0DSCBYCFT,The Shot Box Ladies,Card Plug,Error,2026-02-06,Error: 503 Server Error: Service Unavailable for url: htt
B0DSCBSH5D,The Shot Box Original,Card Plug,Error,2026-02-06,Error: 503 Server Error: Service Unavailable for url: htt
B0DSC9QXQZ,The Shot Box Reloaded,Card Plug,Error,2026-02-06,Error: 503 Server Error: Service Unavailable for url: htt
B0DS7JWG77,Tipsy Talks,Card Plug,Error,2026-02-06,Error: 503 Server Error: Service Unavailable for url: htt
B0DS7JXS4P,Tipsy Talks Date Night,Card Plug,Error,2026-02-06,Error: 503 Server Error: Service Unavailable for url: htt
B0G3TDFKPW,Vacay,Card Plug,Error,2026-02-06,Error: 503 Server Error: Service Unavailable for url: htt
B0DDQG4W6C,Where Is The Lie,Card Plug,Error,2026-02-06,Error: 503 Server Error: Service Unavailable for url: htt
B0DSCDMGV3,Without Saying,Card Plug,Error,2026-02-06,Error: 503 Server Error: Service Unavailable for url: htt
B0DSCC9QWS,Without Saying 2,Card Plug,Error,2026-02-06,Error: 503 Server Error: Service Unavailable for url: htt
B0DS7NRGVN,Word Trap,Card Plug,Error,2026-02-06,Error: 503 Server Error: Service Unavailable for url: htt
B0DS7LHZKL,Word Trap 2,Card Plug,Error,2026-02-06,Error: 503 Server Error: Service Unavailable for url: htt
B0DS7PHWZ3,Word Trap Hood,Card Plug,Error,2026-02-06,Error: 503 Server Error: Service Unavailable for url: htt
B0CPLB9KL9,BFFs,Kinfolk,Error,2026-02-06,Error: 503 Server Error: Service Unavailable for url: htt
B0CPL2CZGM,Block Party,Kinfolk,Error,2026-02-06,Error: 503 Server Error: Service Unavailable for url: htt
B0CPLCB87B,Cappin,Kinfolk,Error,2026-02-06,Error: 503 Server Error: Service Unavailable for url: htt
B0CPL7HWV3,Chill,Kinfolk,Error,2026-02-06,Error: 503 Server Error: Service Unavailable for url: htt
B0CJVPBHTG,Culture Cues,Kinfolk,Error,2026-02-06,Error: 503 Server Error: Service Unavailable for url: htt
B0CPL68HYG,Divas,Kinfolk,Error,2026-02-06,Error: 503 Server Error: Service Unavailable for url: htt
B0CPLC3JFL,Faded,Kinfolk,Error,2026-02-06,Error: 503 Server Error: Service Unavailable for url: htt
B0CPL843FR,Family Goals,Kinfolk,Error,2026-02-06,Error: 503 Server Error: Service Unavailable for url: htt
B0F677914S,Family Tree,Kinfolk,Error,2026-02-06,Error: 503 Server Error: Service Unavailable for url: htt
B0CPL8L9ZT,For The Culture,Kinfolk,Error,2026-02-06,Error: 503 Server Error: Service Unavailable for url: htt
B0CPLF7Q4C,Ghetto Fabulous,Kinfolk,Error,2026-02-06,Error: 503 Server Error: Service Unavailable for url: htt
B0CPLC34L8,Hood Genius,Kinfolk,Error,2026-02-06,Error: 503 Server Error: Service Unavailable for url: htt
B0CPLC2Q67,Hood Hints,Kinfolk,Error,2026-02-06,Error: 503 Server Error: Service Unavailable for url: htt
B0D4GZ4GZ2,Hood Hints 2,Kinfolk,Error,2026-02-06,Error: 503 Server Error: Service Unavailable for url: htt
B0CPKQ6QD1,Hood To Hollywood,Kinfolk,Error,2026-02-06,Error: 503 Server Error: Service Unavailable for url: htt
B0CPL6ZG15,HoodRich,Kinfolk,Error,2026-02-06,Error: 503 Server Error: Service Unavailable for url: htt
B0CPKVD2DP,Juneteeth,Kinfolk,Error,2026-02-06,Error: 503 Server Error: Service Unavailable for url: htt
B0CPL2SDCS,King & Queen,Kinfolk,Error,2026-02-06,Error: 503 Server Error: Service Unavailable for url: htt
B0CPL6BBG7,Melanin Moments,Kinfolk,Error,2026-02-06,Error: 503 Server Error: Service Unavailable for url: htt
B0CPL7XWH1,MicDrop,Kinfolk,Error,2026-02-06,Error: 503 Server Error: Service Unavailable for url: htt
B0CPLBD21D,Nightcap,Kinfolk,Error,2026-02-06,Error: 503 Server Error: Service Unavailable for url: htt
B0CPL11L1V,Rhyme Culture,Kinfolk,Error,2026-02-06,Error: 503 Server Error: Service Unavailable for url: htt
B0CPLF7PT8,SayLess,Kinfolk,Error,2026-02-06,Error: 503 Server Error: Service Unavailable for url: htt
B0D4GXVCRW,SayLess 2,Kinfolk,Error,2026-02-06,Error: 503 Server Error: Service Unavailable for url: htt
B0CPL9QSRW,Share Your Soul,Kinfolk,Error,2026-02-06,Error: 503 Server Error: Service Unavailable for url: htt
B0CPL159VG,Shot Of Truth,Kinfolk,Error,2026-02-06,Error: 503 Server Error: Service Unavailable for url: htt
B0CPLB8W8P,Sistas,Kinfolk,Error,2026-02-06,Error: 503 Server Error: Service Unavailable for url: htt
B0CJVNCVKF,Slang,Kinfolk,Error,2026-02-06,Error: 503 Server Error: Service Unavailable for url: htt
B0CPL2N9C8,Slang Shots,Kinfolk,Error,2026-02-06,Error: 503 Server Error: Service Unavailable for url: htt
B0CPKYWXL4,Soul Music,Kinfolk,Error,2026-02-06,Error: 503 Server Error: Service Unavailable for url: htt
B0CJVQHPD9,Stay Woke,Kinfolk,Active,2026-02-06,Card game found
B0CPL5M3JL,StopWatch,Kinfolk,Error,2026-02-06,Error: 503 Server Error: Service Unavailable for url: htt
B0CPKTCT7L,Street Cred,Kinfolk,Error,2026-02-06,Error: 503 Server Error: Service Unavailable for url: htt
B0CPL7CGR6,Street Savvy,Kinfolk,Error,2026-02-06,Error: 503 Server Error: Service Unavailable for url: htt
B0CPL2SD6G,Street Smart,Kinfolk,Error,2026-02-06,Error: 503 Server Error: Service Unavailable for url: htt
B0CPL4Z5DJ,Sunday's Best,Kinfolk,Active,2026-02-06,Card game found
B0CPL1ZXDJ,True of Tipsy,Kinfolk,Error,2026-02-06,Error: 503 Server Error: Service Unavailable for url: htt
B0CPL22KQW,Turnt,Kinfolk,Error,2026-02-06,Error: 503 Server Error: Service Unavailable for url: htt
B0D4GXR5PY,Turnt 2,Kinfolk,Error,2026-02-06,Error: 503 Server Error: Service Unavailable for url: htt
B0CPL8PGP8,Urban Intellect,Kinfolk,Error,2026-02-06,Error: 503 Server Error: Service Unavailable for url: htt
B0CPL15M7H,Urban Lingo,Kinfolk,Error,2026-02-06,Error: 503 Server Error: Service Unavailable for url: htt
B0CJVQZ8L2,VS.,Kinfolk,Error,2026-02-06,Error: 503 Server Error: Service Unavailable for url: htt
B0F225284V,Who Made The,Kinfolk,Error,2026-02-06,Error: 503 Server Error: Service Unavailable for url: htt
B0CPKYWKHB,Who Said Dat,Kinfolk,Error,2026-02-06,Error: 503 Server Error: Service Unavailable for url: htt
B0FX5LB2R3,Who Said Dat Hip Hop,Kinfolk,Error,2026-02-06,Error: 503 Server Error: Service Unavailable for url: htt
B0FX5JDNPF,Who Said Dat R&B,Kinfolk,Error,2026-02-06,Error: 503 Server Error: Service Unavailable for url: htt
